GAME_ID,PTS,GRADE,MIN_INT,FG_PCT,FG3_PCT,FT_PCT,OREB_KD,DREB_KD,STL_KD,BLK_KD,PF,OREB_OTHERS,DREB_OTHERS,STL_OTHERS,BLK_OTHERS
11600001,9.0,0,18.0,0.222,0.25,1.0,1.0,3.0,0.0,1.0,1.0,1.0766512639304158,3.9888556673008972,1.6504484914378907,0.3794509377548247
11600016,21.0,2,24.0,0.6,0.75,1.0,0.0,7.0,1.0,2.0,1.0,0.6735524256651018,1.3471048513302035,0.3367762128325509,0.0
11600026,25.0,3,26.0,0.727,0.667,1.0,0.0,5.0,1.0,2.0,2.0,0.48228228228228226,1.6138138138138138,0.2828828828828829,0.2828828828828829
11600063,19.0,1,23.0,0.545,0.75,1.0,0.0,2.0,1.0,1.0,0.0,1.3173542290850424,4.730122147960359,0.6757317354229084,0.0
11600068,17.0,1,22.0,0.636,0.6,0.0,0.0,5.0,1.0,2.0,0.0,0.29316864129064785,2.867658179984875,1.103352659440383,0.0
11600088,27.0,3,30.0,0.526,0.0,1.0,1.0,5.0,2.0,1.0,0.0,0.2758346581875994,2.1770667726550084,0.9916534181240064,0.0
11600102,28.0,3,30.0,0.524,0.625,0.5,0.0,7.0,0.0,1.0,4.0,0.31587265748475957,2.3535786859336194,0.31587265748475957,0.0
21600003,27.0,3,36.0,0.611,0.3329999999999999,0.8,0.0,10.0,2.0,2.0,2.0,3.6367576243980735,2.650401284109149,1.8821829855537722,0.0
21600025,30.0,4,39.0,0.474,0.0,1.0,0.0,17.0,2.0,2.0,2.0,2.325145442792502,4.49612152553329,1.2417582417582418,0.7750484809308339
21600036,37.0,4,37.0,0.625,0.5,0.938,0.0,4.0,4.0,1.0,2.0,1.3495495495495495,1.3495495495495495,1.1592137592137592,0.6271908271908272
21600054,20.0,2,30.0,0.6,0.0,0.667,1.0,4.0,4.0,1.0,3.0,0.6448255925997302,3.3875505877818464,1.0285218731932937,0.9468105608016959
21600069,39.0,4,31.0,0.625,0.636,0.667,1.0,6.0,0.0,1.0,3.0,0.5910683012259195,2.242119089316988,0.3533274956217163,0.3533274956217163
21600078,27.0,3,35.0,0.625,0.5,0.625,1.0,4.0,2.0,1.0,1.0,2.3487958941966047,3.513028030003948,0.3533359652585867,0.3533359652585867
21600099,22.0,2,36.0,0.471,0.25,0.833,1.0,2.0,1.0,1.0,0.0,0.3368623676612127,5.582290664100096,0.9239653512993262,0.0
21600116,28.0,3,35.0,0.625,0.5710000000000001,0.8,0.0,10.0,0.0,1.0,3.0,0.9858498150828108,2.6235729216915904,0.33397652355684193,0.0
21600119,18.0,1,29.0,0.5,0.0,1.0,2.0,7.0,1.0,2.0,2.0,0.24815394942940255,0.8516446632356232,0.24815394942940255,0.0
21600143,29.0,3,37.0,0.476,0.4,1.0,0.0,9.0,1.0,2.0,2.0,0.5629357087529048,1.6771882261812547,1.5166537567776917,0.0
21600165,30.0,4,35.0,0.524,0.375,0.833,2.0,7.0,1.0,0.0,3.0,1.3263979193758126,2.463310421697938,0.6000371540033438,0.0
21600179,23.0,2,32.0,0.769,0.5,0.5,1.0,9.0,2.0,1.0,1.0,0.21785310734463276,0.21785310734463276,0.6757062146892655,0.21785310734463276
21600191,33.0,4,35.0,0.588,0.625,0.727,0.0,6.0,2.0,1.0,5.0,0.9699911738746689,2.0841423948220066,1.3654015887025595,0.35937040305972345
21600202,14.0,0,27.0,0.3329999999999999,0.25,1.0,0.0,11.0,2.0,2.0,0.0,1.320505968287903,2.916800285052557,0.7981471583823267,0.0
21600223,28.0,3,30.0,0.733,0.5,0.8,1.0,5.0,1.0,1.0,3.0,0.5746872700515084,2.5757910228108902,0.0,0.0
21600238,29.0,3,33.0,0.579,0.5,0.667,1.0,5.0,1.0,2.0,4.0,0.6448863636363636,3.9934303977272725,0.8235085227272727,0.41175426136363635
21600244,28.0,3,38.0,0.588,0.75,1.0,3.0,7.0,0.0,6.0,1.0,0.3302553744048478,2.6675804357235613,0.6690232289712885,0.6605107488096956
21600259,25.0,3,36.0,0.5,0.3329999999999999,1.0,0.0,14.0,1.0,2.0,1.0,2.324486730095143,4.582039726256051,0.9197129026873644,0.2842597229177099
21600281,39.0,4,49.0,0.429,0.273,1.0,1.0,13.0,3.0,3.0,3.0,0.9690771852934015,1.923301680058437,0.3131239347455564,0.0
21600299,20.0,2,32.0,0.7140000000000001,1.0,1.0,0.0,4.0,0.0,3.0,1.0,2.239244695347479,1.2446953474790734,0.33151644928946855,0.29083122445006815
21600314,20.0,2,22.0,0.643,0.0,0.667,1.0,7.0,0.0,2.0,3.0,0.7066666666666667,3.9940983606557374,0.41092896174863386,0.0
21600330,16.0,1,31.0,0.294,0.2,0.833,0.0,8.0,1.0,0.0,3.0,1.5965554359526373,2.1851453175457483,0.3991388589881593,0.0
21600335,21.0,2,36.0,0.467,0.3329999999999999,0.75,0.0,11.0,1.0,2.0,2.0,1.1821554442589501,1.215173437210165,0.30792060842144314,0.0
21600351,21.0,2,30.0,0.5379999999999999,0.5,0.8,0.0,7.0,1.0,2.0,2.0,0.5930684699915469,3.931699070160609,0.6863905325443787,0.38985629754860524
21600358,22.0,2,37.0,0.286,0.25,1.0,1.0,7.0,0.0,0.0,2.0,0.9482733284349742,2.7351947097722262,0.6321822189566495,0.6321822189566495
21600371,27.0,3,37.0,0.526,0.3329999999999999,0.857,0.0,2.0,0.0,2.0,2.0,0.2887812752219532,4.2487489911218725,0.7012106537530266,1.7530266343825665
21600388,15.0,1,33.0,0.389,0.1669999999999999,0.0,1.0,13.0,0.0,2.0,1.0,0.7678958785249458,1.1518438177874186,0.0,0.25524222704266086
21600405,34.0,4,30.0,0.846,0.8,0.8,1.0,10.0,2.0,1.0,2.0,0.8438976377952756,2.117913385826772,0.9927165354330709,0.7114173228346456
21600427,22.0,2,24.0,0.5710000000000001,0.0,1.0,1.0,4.0,0.0,0.0,4.0,0.4008428358948934,1.49553792761527,0.0,0.0
21600437,26.0,3,33.0,0.435,0.143,0.833,0.0,9.0,3.0,1.0,2.0,1.1672683513838749,1.7637384677095869,0.5707982350581629,0.3110709987966306
21600446,32.0,4,31.0,0.722,0.75,0.75,0.0,8.0,0.0,0.0,5.0,0.39002356637863317,3.0542026708562453,1.1040848389630793,0.0
21600457,36.0,4,38.0,0.478,0.25,1.0,0.0,15.0,1.0,1.0,2.0,2.112052018750945,4.362316649024648,1.0182972932103431,0.3645849085135339
21600485,22.0,2,38.0,0.5329999999999999,0.6,0.6,0.0,17.0,0.0,5.0,0.0,1.2468024632875414,1.5802936996684036,1.1852202747513028,0.7901468498342018
21600501,19.0,1,35.0,0.5,0.286,0.75,0.0,11.0,0.0,0.0,0.0,0.0,1.4854253420582986,0.6571485227047392,0.3285742613523696
21600520,21.0,2,34.0,0.526,0.25,0.0,0.0,3.0,1.0,1.0,2.0,0.6680051397365885,3.240122068743977,1.336010279473177,0.3589784773530357
21600534,30.0,4,37.0,0.563,0.375,1.0,0.0,5.0,2.0,3.0,3.0,1.2245538664904163,3.1718440185062793,0.9578651685393258,0.2982485128883014
21600550,27.0,3,42.0,0.412,0.0,0.722,2.0,11.0,0.0,3.0,1.0,0.25493945188017847,0.45782876566815384,0.45782876566815384,0.0
21600566,28.0,3,36.0,0.6,0.5,0.889,0.0,7.0,1.0,4.0,1.0,0.0,1.8749799132251326,1.6037281054153945,0.6839145106861643
21600578,28.0,3,36.0,0.476,0.5,1.0,1.0,7.0,1.0,2.0,2.0,0.7343479098439607,2.045848584087844,0.0,0.36717395492198035
21600590,25.0,3,31.0,0.667,0.6,1.0,0.0,6.0,1.0,0.0,0.0,0.3460248238846025,2.736665548473667,1.360449513586045,0.0
21600619,21.0,2,28.0,0.563,0.429,0.0,1.0,5.0,2.0,3.0,0.0,1.2818371607515657,2.8329853862212944,0.4384133611691023,0.0
21600634,40.0,4,33.0,0.813,0.7140000000000001,0.9,2.0,10.0,0.0,3.0,2.0,0.4075944253686124,0.7727731771359321,0.18258937588365987,0.0
21600646,32.0,4,33.0,0.632,0.286,0.857,0.0,4.0,2.0,2.0,2.0,0.0,1.5616468039003248,0.0,0.0
21600661,15.0,1,29.0,0.417,0.3329999999999999,0.8,1.0,9.0,3.0,2.0,1.0,0.40446749102512963,1.5520542481053052,0.6521739130434783,0.6521739130434783
21600668,27.0,3,36.0,0.522,0.125,1.0,0.0,6.0,1.0,0.0,2.0,0.2867376928728876,2.3688464364437913,0.2867376928728876,0.0
21600687,33.0,4,36.0,0.55,0.25,1.0,0.0,5.0,0.0,4.0,3.0,1.7222404730617606,3.144875164257556,0.9334756898817346,0.9834099868593955
21600707,23.0,2,28.0,0.818,0.75,1.0,1.0,3.0,1.0,1.0,1.0,0.7186512118018967,0.9059536354056902,0.5466280295047419,0.0
21600718,33.0,4,36.0,0.5,0.143,1.0,2.0,8.0,0.0,1.0,2.0,0.607115531752104,1.9418515684774293,0.5866488140780413,0.0
21600741,18.0,1,32.0,0.412,0.143,1.0,2.0,6.0,1.0,0.0,0.0,0.26244431532055007,4.2483052488863065,0.0,0.0
21600745,26.0,3,37.0,0.444,0.286,1.0,0.0,8.0,1.0,0.0,3.0,1.807865892972276,1.9206963249516442,0.875725338491296,0.6402321083172147
21600764,10.0,0,42.0,0.2,0.0,0.857,0.0,9.0,1.0,5.0,0.0,1.0150598170302603,3.653483462350457,0.9808585503166783,0.3383532723434201
21600792,22.0,2,30.0,0.563,0.5,1.0,0.0,10.0,3.0,1.0,1.0,1.236910994764398,2.473821989528796,0.1586387434554974,0.35942408376963353
21600803,24.0,2,32.0,0.357,0.5,0.7859999999999999,0.0,5.0,1.0,2.0,2.0,0.514612954186414,1.646129541864139,0.35959715639810425,0.0
21600813,34.0,4,32.0,0.5710000000000001,0.5,1.0,1.0,8.0,0.0,0.0,5.0,2.1067222322884582,3.02935314368545,0.6441384308751585,1.3754303315818082
21600827,25.0,3,26.0,0.625,0.4,1.0,1.0,3.0,1.0,1.0,1.0,1.907861115286337,5.68570569667819,0.7593566811964527,0.0
21600847,21.0,2,32.0,0.667,0.25,0.0,0.0,7.0,1.0,4.0,1.0,0.0,1.2857142857142858,0.0,0.32142857142857145
21600854,25.0,3,33.0,0.5329999999999999,0.667,0.833,1.0,14.0,1.0,1.0,3.0,0.0,2.1009248090068358,0.4201849618013671,0.0
21600883,27.0,3,32.0,0.471,0.25,0.909,3.0,5.0,0.0,1.0,2.0,1.3689761479798799,3.7460652279733893,1.6991724809346098,0.0
21600889,0.0,0,1.0,0.0,0.0,0.0,0.0,0.0,0.0,0.0,0.0,1.956794425087108,4.96260162601626,1.956794425087108,1.8155632984901278
21601195,16.0,1,30.0,0.4,0.0,1.0,1.0,9.0,0.0,0.0,3.0,0.6313803376365442,1.9058589870903675,0.6196623634558094,0.0
21601211,16.0,1,32.0,0.5,0.0,1.0,0.0,10.0,1.0,1.0,1.0,0.3728966889813642,1.6647367468789578,0.6459200289487967,0.0
21601229,29.0,3,27.0,0.688,0.7140000000000001,0.5,0.0,8.0,1.0,1.0,1.0,2.080806142034549,3.4460652591170824,2.0619961612284072,0.34836852207293667
41600141,32.0,4,35.0,0.6,0.3329999999999999,0.857,1.0,10.0,0.0,1.0,2.0,0.9895361549273778,3.3595189754802437,0.9895361549273778,0.3262533187568327
41600144,10.0,0,20.0,0.5710000000000001,1.0,0.0,0.0,3.0,1.0,2.0,0.0,0.2667060910703726,0.7439384979302188,1.382613837965701,0.0
41600221,17.0,1,30.0,0.412,0.5,1.0,1.0,4.0,1.0,0.0,2.0,0.25469372273847907,2.84524938365257,0.7858903849800872,0.3929451924900436
41600222,25.0,3,36.0,0.462,0.0,0.867,0.0,11.0,1.0,1.0,2.0,0.0,1.8897081895199248,0.37794163790398494,0.0
41600223,38.0,4,38.0,0.5770000000000001,0.5,1.0,2.0,11.0,1.0,1.0,4.0,0.0,2.0082438948514545,0.24529475812723597,0.0
41600224,18.0,1,30.0,0.5,0.5,0.667,2.0,4.0,0.0,0.0,4.0,0.9178515007898894,1.3767772511848342,0.9178515007898894,0.18522906793048974
41600311,34.0,4,38.0,0.524,0.25,0.833,2.0,3.0,1.0,4.0,4.0,1.7148887806462088,2.8902419223899987,1.4081831466147101,0.3917843805812632
41600312,16.0,1,27.0,0.6,0.4,1.0,0.0,2.0,0.0,1.0,2.0,0.9712020033388982,1.3151085141903172,0.33180300500834725,0.6636060100166945
41600313,33.0,4,38.0,0.579,0.6,0.8,0.0,10.0,2.0,1.0,3.0,0.43284119553474976,1.8867482895210659,0.37180410514944184,0.21642059776737488
41600314,29.0,3,37.0,0.769,0.5,1.0,1.0,11.0,0.0,1.0,3.0,0.6010957935666312,1.03994344291269,1.2833156592435488,0.2599858607281725
41600401,38.0,4,37.0,0.5379999999999999,0.5,0.875,2.0,7.0,0.0,0.0,1.0,2.6045020870602267,9.193798449612403,0.0,1.6343172331544424
41600402,33.0,4,40.0,0.591,0.5,1.0,2.0,11.0,3.0,5.0,4.0,1.0950869236583523,4.749055177626606,1.618745275888133,0.35706727135298566
41600403,31.0,4,40.0,0.556,0.5710000000000001,0.875,0.0,9.0,1.0,1.0,2.0,2.3095045772751748,5.656973613354873,2.1746095853527194,0.3684706515885837
41600404,35.0,4,39.0,0.409,0.222,0.938,2.0,2.0,0.0,2.0,3.0,0.9094230476480438,4.1567970771806975,1.1779570710914904,0.2685340234434465
41600405,39.0,4,40.0,0.7,0.625,1.0,1.0,5.0,1.0,0.0,3.0,1.5653730488328799,6.167549763711872,0.7942145209795217,0.6541601031075469
11700001,10.0,0,23.0,0.3329999999999999,0.0,1.0,1.0,3.0,1.0,0.0,2.0,0.6774847870182557,4.099166103222899,0.6774847870182557,0.0
11700024,20.0,2,25.0,0.615,0.5,1.0,0.0,2.0,0.0,1.0,1.0,1.769099445155783,2.024967989756722,0.32116944088775073,0.0
11700044,22.0,2,27.0,0.529,0.5,1.0,0.0,2.0,1.0,0.0,6.0,0.0,0.6392754583609455,0.31963772918047273,0.0
21700002,20.0,2,37.0,0.467,0.4,0.8,1.0,4.0,0.0,4.0,4.0,1.2665029167945963,3.2668099478047283,1.000153515505066,0.3065704636168253
21700025,22.0,2,37.0,0.5,0.5,1.0,0.0,8.0,1.0,7.0,3.0,2.1652709748775476,4.736293253278559,1.1418865539579712,0.6427555696002527
21700033,29.0,3,40.0,0.4579999999999999,0.444,0.5,2.0,11.0,1.0,3.0,2.0,0.5727499110636785,2.0225898256848094,0.8770900035574529,0.0
21700045,25.0,3,33.0,0.6,0.667,0.75,0.0,8.0,0.0,1.0,1.0,0.9509954058192955,1.9547388123192104,1.3471158754466566,0.0
21700063,29.0,3,38.0,0.55,0.5,0.667,0.0,4.0,1.0,0.0,2.0,0.0,0.7809544754783373,0.21486694523861888,0.0
21700075,31.0,4,38.0,0.45,0.444,1.0,3.0,8.0,1.0,2.0,2.0,1.3010671877348565,4.508342101307681,0.9984969186833008,0.9984969186833008
21700091,28.0,3,36.0,0.7140000000000001,0.429,0.833,1.0,5.0,0.0,2.0,0.0,0.5684243080253595,1.3285913097263027,1.1402505025514147,0.0
21700100,19.0,1,29.0,0.636,0.667,1.0,0.0,7.0,0.0,0.0,3.0,0.3169291338582677,1.3704366499642089,0.3169291338582677,0.0
21700117,24.0,2,34.0,0.5,0.5,1.0,0.0,8.0,0.0,3.0,5.0,2.666838842975207,2.9376721763085403,1.012568870523416,1.5542355371900827
21700135,25.0,3,29.0,0.6920000000000001,0.5,1.0,1.0,6.0,0.0,2.0,1.0,0.0,0.0,0.2443762781186094,0.0
21700148,21.0,2,32.0,0.385,0.1669999999999999,1.0,0.0,8.0,1.0,3.0,3.0,0.0,3.193048379520902,0.42226397369657115,0.0
21700184,29.0,3,28.0,0.611,0.5,1.0,1.0,4.0,2.0,2.0,2.0,0.3186014535454724,2.040463563150658,0.6694166175604007,0.3186014535454724
21700199,21.0,2,30.0,0.5,0.0,1.0,0.0,7.0,0.0,0.0,2.0,0.702112676056338,3.465492957746479,1.0080985915492957,0.0
21700215,24.0,2,34.0,0.5,0.4,1.0,1.0,2.0,1.0,2.0,2.0,0.3062995096190117,2.1109015465861938,0.6043002640513013,0.2980007544322897
21700231,27.0,3,32.0,0.55,0.1669999999999999,0.667,0.0,4.0,2.0,2.0,0.0,1.7368586223128823,4.145614310371881,1.3789424133061352,0.6894712066530676
21700263,21.0,2,32.0,0.471,0.6,1.0,0.0,5.0,2.0,0.0,3.0,0.7348636573717455,4.959174241257125,1.8001848713603452,0.7348636573717455
21700312,29.0,3,42.0,0.48,0.429,0.5,0.0,7.0,1.0,1.0,4.0,0.0,2.8486287727899495,2.03937490424391,1.0156273939022522
21700318,25.0,3,30.0,0.7140000000000001,0.0,1.0,0.0,2.0,0.0,4.0,3.0,0.6897637795275591,2.828503937007874,0.7129133858267717,1.0577952755905513
21700335,24.0,2,28.0,0.5,0.286,1.0,1.0,2.0,1.0,0.0,1.0,0.2630715603854829,0.9134713963502153,0.0,0.6503998359647325
21700346,19.0,1,34.0,0.381,0.2,0.667,0.0,7.0,2.0,1.0,3.0,2.6188956271943824,2.3124800510692625,0.6686881583147144,0.0
21700358,35.0,4,35.0,0.4639999999999999,0.3,1.0,0.0,11.0,0.0,2.0,2.0,0.9248106410493258,1.5268797339737668,0.0,0.2793275447995566
21700368,36.0,4,38.0,0.522,0.5,0.9,1.0,9.0,1.0,5.0,3.0,0.49236234458259326,2.202841918294849,0.9847246891651865,0.34209591474245116
21700395,28.0,3,36.0,0.524,0.5,1.0,2.0,7.0,0.0,3.0,1.0,0.5515491936945098,1.1572748686356222,1.2656278311288278,0.0
21700417,36.0,4,34.0,0.652,0.5,1.0,0.0,11.0,0.0,2.0,2.0,2.008928571428571,1.282563025210084,0.34191176470588236,0.0
21700450,36.0,4,40.0,0.345,0.364,0.923,0.0,11.0,1.0,3.0,3.0,0.38964262078093975,2.7635671740569157,0.9831237590999338,0.7792852415618795
21700464,22.0,2,33.0,0.4,0.25,0.8,1.0,7.0,0.0,2.0,3.0,0.9210693825588797,0.8502015701251857,0.6140462550392531,0.30702312751962657
21700479,33.0,4,37.0,0.45,0.3,0.923,0.0,7.0,2.0,4.0,3.0,1.4170255526844673,4.684467413149584,0.7401665231122595,0.37008326155612975
21700489,18.0,1,34.0,0.3329999999999999,0.0,0.857,1.0,5.0,2.0,2.0,0.0,1.3682448589191776,4.6389287422285985,0.3503905627291567,0.3503905627291567
21700494,25.0,3,36.0,0.421,0.3329999999999999,0.857,2.0,5.0,2.0,5.0,3.0,1.4682527178194422,2.437844651016228,0.2724121632267213,0.0
21700514,21.0,2,29.0,0.7,0.667,1.0,0.0,6.0,0.0,3.0,3.0,1.145877788554801,3.0294859359844812,0.7639185257032007,0.38195926285160037
21700528,27.0,3,33.0,0.421,0.8,1.0,0.0,4.0,0.0,0.0,3.0,0.9019448946515397,1.1021069692058347,0.2755267423014587,0.2755267423014587
21700535,20.0,2,35.0,0.583,0.5,1.0,1.0,4.0,1.0,1.0,1.0,1.4940213971050975,0.8059576253408853,0.0,0.0
21700562,25.0,3,37.0,0.476,0.2,1.0,1.0,11.0,0.0,4.0,1.0,0.0,2.1054234062797335,0.0,0.5663177925784967
21700613,40.0,4,31.0,0.778,0.857,0.75,0.0,4.0,1.0,1.0,3.0,0.5285678328718852,0.5950163604329223,1.2881953183991945,0.29750818021646114
21700622,26.0,3,35.0,0.6,0.3329999999999999,0.0,1.0,5.0,2.0,0.0,2.0,0.6564086782581936,2.6593322049546084,0.33943683643637484,0.3282043391290968
21700631,25.0,3,36.0,0.556,0.5,1.0,0.0,6.0,0.0,1.0,2.0,0.28085183836912997,2.159810702584638,0.0,0.0
21700646,32.0,4,34.0,0.563,0.667,1.0,0.0,5.0,3.0,1.0,3.0,0.7835014409221902,2.8144812680115274,1.4072406340057637,1.5670028818443804
21700657,19.0,1,35.0,0.4,0.0,1.0,0.0,8.0,1.0,0.0,1.0,0.9733722728053599,3.44305102216114,0.0,0.29926129531008416
21700679,26.0,3,35.0,0.529,0.667,0.8,0.0,7.0,0.0,2.0,2.0,1.2319674906874365,4.1000677277345075,0.6400270910938028,0.0
21700699,14.0,0,32.0,0.4,0.4,1.0,1.0,3.0,2.0,2.0,3.0,0.3441716794017233,2.728987156559909,0.0,0.0
21700713,28.0,3,36.0,0.526,0.667,1.0,0.0,10.0,2.0,3.0,2.0,1.5729637128173182,3.636193739292945,1.002336084722006,0.31459274256346365
21700728,20.0,2,35.0,0.389,0.2,0.7140000000000001,1.0,8.0,1.0,1.0,3.0,1.0444746223052113,4.925309794601935,0.6369037514853166,0.6963164148701408
21700751,17.0,1,29.0,0.385,0.0,0.875,0.0,2.0,1.0,0.0,0.0,0.31734466707144304,3.178911151588747,0.9574984820886461,0.31734466707144304
21700774,33.0,4,36.0,0.706,0.857,1.0,0.0,4.0,0.0,0.0,2.0,0.6618181818181819,2.2850592885375494,0.6618181818181819,0.33090909090909093
21700782,31.0,4,41.0,0.75,0.0,0.778,0.0,6.0,0.0,2.0,1.0,0.7025768911055694,1.5233582709891937,0.5860349127182045,0.0
21700803,33.0,4,30.0,0.5710000000000001,0.375,0.933,1.0,5.0,1.0,1.0,1.0,0.4980473236848151,1.9921892947392603,2.9882839421088905,0.0
21700815,24.0,2,29.0,0.615,0.667,1.0,0.0,9.0,1.0,2.0,1.0,0.0,4.221772639691714,2.283044315992293,0.6462427745664739
21700831,10.0,0,28.0,0.3329999999999999,0.0,1.0,1.0,5.0,0.0,2.0,1.0,2.0238991343620625,1.6919458035378245,1.0280391418893489,1.3492660895747082
21700846,17.0,1,29.0,0.889,1.0,0.0,0.0,7.0,0.0,2.0,2.0,1.7733024416325074,1.3320263767599358,0.3546604883265015,0.32578862947781145
21700864,50.0,4,37.0,0.63,0.429,1.0,0.0,7.0,0.0,2.0,1.0,1.34921692769077,3.4201932689103636,1.34921692769077,0.0
21700872,24.0,2,38.0,0.467,0.5,0.8,0.0,3.0,0.0,2.0,2.0,0.3033093974399001,2.6447080861692163,0.339681548548236,0.0
21700887,28.0,3,31.0,0.5,0.667,1.0,0.0,5.0,1.0,1.0,0.0,1.349569192896079,1.9676455072973447,1.0065060664673817,0.0
21700900,22.0,2,27.0,0.6,0.667,1.0,0.0,9.0,1.0,1.0,1.0,0.0,1.6048026048026047,0.3496133496133496,0.0
21700917,32.0,4,37.0,0.6,0.5,0.833,0.0,6.0,0.0,0.0,3.0,1.5945477466120392,4.519224708477781,0.6066813740939174,0.3422628427355815
21700928,28.0,3,35.0,0.632,0.0,0.667,0.0,3.0,1.0,2.0,2.0,0.32794417971409123,3.2334921715452687,1.250510551395507,0.32794417971409123
21700963,19.0,1,34.0,0.4379999999999999,1.0,0.75,0.0,6.0,0.0,1.0,3.0,0.9303646692321789,2.7850467289719627,0.6195711929631667,0.0
21700976,37.0,4,38.0,0.5379999999999999,0.5710000000000001,0.7140000000000001,1.0,10.0,0.0,4.0,1.0,2.304075713631507,6.816516562356892,1.5318272019539,0.0
21700984,40.0,4,36.0,0.5710000000000001,0.5,1.0,1.0,5.0,0.0,2.0,1.0,0.26993732440025936,1.334774151718176,0.5249621785173979,0.0
21700994,39.0,4,38.0,0.344,0.417,1.0,3.0,9.0,0.0,3.0,3.0,2.0025539160045405,4.67650397275823,1.0245459704880817,1.012911464245176
21701019,26.0,3,35.0,0.526,0.143,1.0,0.0,5.0,2.0,1.0,1.0,0.6643587207385427,3.9287833827893177,0.9535113748763601,0.0
21701128,10.0,0,17.0,0.4,0.3329999999999999,1.0,0.0,3.0,0.0,0.0,0.0,0.38416097470924865,2.43123500092302,2.0470740262137714,0.0
21701142,27.0,3,30.0,0.5,0.4,0.818,1.0,9.0,0.0,1.0,1.0,0.0,2.957902942896122,0.3003313194309101,0.3428181641005652
21701153,29.0,3,34.0,0.632,0.5,1.0,0.0,11.0,0.0,2.0,1.0,0.3371527232773505,3.7049128865170307,0.6705383770208758,0.3352691885104379
21701163,34.0,4,35.0,0.36,0.222,1.0,0.0,10.0,1.0,1.0,2.0,2.3515876668200644,3.034514496088357,0.0,0.0
21701175,27.0,3,32.0,0.348,0.2,1.0,0.0,5.0,3.0,1.0,3.0,1.568079350766456,1.9303877366997295,0.957078449053201,0.6434625788999098
21701195,41.0,4,35.0,0.615,0.5,0.7140000000000001,0.0,10.0,0.0,0.0,2.0,0.0,2.138851802403204,1.069425901201602,0.0
21701203,17.0,1,30.0,0.545,0.5,0.75,0.0,4.0,1.0,0.0,1.0,1.0926137990266247,6.938018894932723,0.38233610077297453,0.0
21701217,13.0,0,29.0,0.417,0.0,1.0,0.0,4.0,0.0,0.0,2.0,0.8564784053156146,3.0108527131782945,0.32447397563676633,0.6099667774086379
41700151,24.0,2,31.0,0.529,0.25,1.0,1.0,8.0,2.0,0.0,2.0,0.0,1.1845593969326749,0.0,0.33688588510527684
41700152,32.0,4,38.0,0.526,0.3329999999999999,0.9,0.0,6.0,0.0,1.0,4.0,1.0933599600599102,1.2234980862040272,1.3406556831419538,0.6117490431020136
41700153,26.0,3,33.0,0.529,0.1669999999999999,1.0,0.0,9.0,0.0,0.0,3.0,0.6005094043887147,2.5315438871473352,0.36500783699059564,0.23550156739811912
41700154,34.0,4,40.0,0.429,0.308,0.857,1.0,12.0,0.0,1.0,0.0,1.1750042108809162,1.880579417214081,0.7522317668856324,0.2113862219976419
41700155,25.0,3,40.0,0.421,0.125,1.0,0.0,6.0,1.0,2.0,1.0,0.5445173383317713,1.1083411433926897,0.0,0.0
41700231,26.0,3,32.0,0.476,0.5,0.75,2.0,11.0,0.0,2.0,2.0,0.9566794277654644,2.3485794882127746,0.608704412653637,0.0
41700232,29.0,3,41.0,0.478,0.286,0.833,0.0,6.0,2.0,3.0,1.0,0.3364445720850086,3.307007466973004,0.9806145893164848,0.30772544514646755
41700233,22.0,2,35.0,0.444,0.1669999999999999,0.833,0.0,3.0,2.0,0.0,1.0,0.6415696283298772,3.8704737597702983,0.0,0.0
41700234,38.0,4,36.0,0.556,0.4,1.0,1.0,8.0,1.0,1.0,1.0,0.6073697585768743,3.0833862770012708,0.0,0.6073697585768743
41700235,24.0,2,37.0,0.556,0.25,0.6,0.0,6.0,2.0,0.0,2.0,0.3511516731855715,2.6276981022743735,0.0,0.0
41700311,37.0,4,40.0,0.519,0.5,1.0,0.0,3.0,0.0,1.0,2.0,0.3516222184474265,1.8824528622388312,0.5896042126719891,0.3516222184474265
41700312,38.0,4,35.0,0.591,0.429,1.0,1.0,2.0,0.0,0.0,5.0,1.00232450023245,2.6976600030993336,1.00232450023245,0.0
41700313,25.0,3,35.0,0.474,0.375,1.0,2.0,4.0,1.0,0.0,0.0,0.6597423510466989,2.269243156199678,0.0,0.0
41700314,27.0,3,43.0,0.375,0.2,1.0,1.0,11.0,0.0,0.0,1.0,1.6985926505082096,4.777430284076102,1.0084701589783687,0.663408913213448
41700315,29.0,3,40.0,0.364,0.5,1.0,0.0,4.0,0.0,1.0,3.0,0.6785379568884724,3.0504752978979783,1.0133886731824875,0.0
41700316,23.0,2,35.0,0.353,0.2,0.7140000000000001,2.0,5.0,0.0,1.0,0.0,0.0,4.071428571428571,0.6848214285714286,0.0
41700317,34.0,4,44.0,0.524,0.455,0.7,0.0,5.0,1.0,3.0,3.0,3.6871494135645078,2.6435492095869453,2.0035696073431923,0.0
41700401,26.0,3,46.0,0.364,0.143,0.9,0.0,9.0,1.0,3.0,3.0,2.0188134955474726,4.664743509344036,0.3577072620092813,0.3577072620092813
41700402,26.0,3,38.0,0.7140000000000001,0.667,1.0,0.0,9.0,0.0,2.0,3.0,1.5690662865288667,4.791446899501069,1.3471133285816108,0.2985032074126871
41700403,43.0,4,43.0,0.652,0.667,1.0,1.0,12.0,1.0,1.0,3.0,2.4448413243577414,4.761643082841049,1.029811787333425,0.7726336035169666
41700404,20.0,2,37.0,0.412,0.0,1.0,1.0,11.0,1.0,3.0,3.0,1.1683448709880428,3.868470736312146,0.26179987413467587,0.38294524858401513
11800005,16.0,1,19.0,0.667,0.667,1.0,1.0,3.0,1.0,0.0,0.0,0.0,1.9082957858468061,0.40842830638749006,0.0
11800039,26.0,3,25.0,0.526,0.4,0.667,0.0,6.0,1.0,0.0,0.0,1.175892857142857,1.4698660714285714,0.0,0.0
11800054,12.0,0,23.0,0.5,0.0,1.0,2.0,3.0,0.0,1.0,1.0,0.6350061199510404,1.6208078335373317,1.0024479804161568,0.0
11800065,18.0,1,24.0,0.5710000000000001,1.0,0.5,1.0,11.0,0.0,0.0,6.0,0.3816793893129771,4.129524747599113,0.6419601083476976,0.0
21800002,27.0,3,37.0,0.429,0.0,0.9,1.0,7.0,1.0,1.0,4.0,0.6030845594752703,1.197659989363588,1.7922354192519057,0.20102818649175677
21800024,38.0,4,39.0,0.56,1.0,1.0,0.0,9.0,1.0,1.0,3.0,0.8710403323524321,1.7001904102475334,1.1767353297559286,0.3706075817898563
21800038,20.0,2,38.0,0.368,0.0,0.857,0.0,11.0,1.0,1.0,2.0,1.737359039650782,2.6044016005820296,1.1555110949436158,0.5785740269188796
21800047,22.0,2,26.0,0.529,0.667,1.0,0.0,4.0,1.0,0.0,3.0,0.7541083384053561,2.1312639480624873,0.0,0.0
21800062,30.0,4,31.0,0.722,0.3329999999999999,1.0,0.0,8.0,1.0,1.0,0.0,0.0,1.479344122657581,0.6060477001703578,0.0
21800068,41.0,4,36.0,0.708,0.556,1.0,1.0,8.0,0.0,0.0,0.0,0.9252177205603938,2.693865959863688,0.8434305187429003,0.25388110564180233
21800083,34.0,4,39.0,0.55,0.3329999999999999,0.909,0.0,8.0,1.0,1.0,0.0,0.8106519742883379,1.6213039485766758,0.7256198347107438,0.0
21800091,14.0,0,28.0,0.556,0.25,1.0,0.0,2.0,1.0,1.0,2.0,0.6465661641541038,0.6465661641541038,0.0,0.288107202680067
21800108,24.0,2,40.0,0.588,0.667,0.667,0.0,5.0,2.0,0.0,0.0,1.9135598316295854,2.9361094407696933,1.2757065544197235,0.35057125676488277
21800124,33.0,4,36.0,0.579,0.6,0.889,0.0,13.0,0.0,1.0,2.0,0.4976800137480667,1.7673139714727617,0.7592369822993642,0.3796184911496821
21800147,22.0,2,31.0,0.636,0.0,1.0,0.0,6.0,1.0,0.0,0.0,0.6931046802429439,2.6316541622007863,1.2454448017148982,1.7327617006073597
21800166,17.0,1,30.0,0.4,0.5,0.8,0.0,5.0,0.0,1.0,1.0,0.94929359396168,2.8188503967485974,1.620863170118057,0.94929359396168
21800182,28.0,3,30.0,0.6,1.0,1.0,1.0,4.0,2.0,1.0,0.0,0.3062820826203862,0.7428501588853581,0.3062820826203862,0.0
21800198,33.0,4,39.0,0.417,0.5,0.846,1.0,10.0,1.0,2.0,6.0,0.31179617117117114,4.740146396396396,0.7173423423423423,0.0
21800201,29.0,3,36.0,0.391,0.0,1.0,0.0,6.0,2.0,1.0,3.0,0.15797262301146875,2.0628930817610063,0.0,0.0
21800213,20.0,2,29.0,0.4,0.0,1.0,1.0,4.0,0.0,1.0,1.0,1.3809354437133203,1.6990930108483018,0.3491019028988085,0.0
21800232,32.0,4,36.0,0.4579999999999999,0.0,0.909,0.0,4.0,0.0,1.0,4.0,0.6641209714372995,4.976783259508172,0.0,0.0
21800238,26.0,3,37.0,0.32,0.125,0.9,1.0,9.0,2.0,1.0,1.0,0.0,3.0384615384615383,0.0,0.9566433566433565
21800264,27.0,3,34.0,0.5,0.2,1.0,1.0,13.0,0.0,3.0,2.0,1.6647500399297237,5.000479156684236,1.334291646701805,0.33045839322791887
21800277,32.0,4,37.0,0.619,0.4,0.8,1.0,8.0,2.0,3.0,3.0,0.6421011368090944,1.8420227361818893,0.3210505684045472,0.0
21800285,44.0,4,40.0,0.5,0.25,0.941,1.0,12.0,0.0,2.0,3.0,0.0,2.143932085664673,0.5359830214161683,0.21956395909704804
21800300,49.0,4,39.0,0.485,0.4,1.0,0.0,6.0,2.0,2.0,4.0,0.0,1.2938432835820897,0.5555970149253732,0.24608208955223881
21800316,51.0,4,42.0,0.581,0.5710000000000001,0.917,3.0,8.0,0.0,0.0,4.0,0.6809934371380775,2.6990091365332645,0.34049671856903874,0.6685111311285549
21800331,28.0,3,40.0,0.474,0.143,1.0,0.0,6.0,0.0,2.0,3.0,0.16672904191616766,2.3016467065868262,0.0,0.0
21800344,28.0,3,33.0,0.769,0.3329999999999999,0.875,0.0,5.0,2.0,0.0,2.0,0.9867330016583749,2.931453841901603,0.30016583747927034,0.3289110005527916
21800355,25.0,3,33.0,0.563,0.5710000000000001,0.75,0.0,10.0,1.0,2.0,1.0,0.0,1.0168797953964193,0.9913043478260869,0.0
21800377,11.0,0,37.0,0.214,0.1669999999999999,1.0,0.0,8.0,1.0,0.0,3.0,1.6598674145843957,5.732789393166752,0.9673635900050994,0.6925038245792963
21800400,22.0,2,35.0,0.467,0.5710000000000001,1.0,1.0,4.0,3.0,0.0,1.0,0.22134807569636403,1.75249840527323,0.5487986391664895,0.32745056347012547
21800415,30.0,4,33.0,0.591,0.5,1.0,0.0,7.0,0.0,0.0,2.0,0.0,2.3154542406972847,0.6992960107274556,0.3496480053637278
21800428,33.0,4,36.0,0.45,0.5,0.917,2.0,6.0,0.0,0.0,1.0,0.5315886321815579,1.4074831322837866,0.8366387241872828,0.2854222040482519
21800449,23.0,2,33.0,0.467,0.3329999999999999,1.0,0.0,3.0,0.0,2.0,0.0,0.30533555648186744,2.3443101292205086,0.0,0.0
21800464,30.0,4,36.0,0.435,0.286,0.889,1.0,6.0,0.0,1.0,2.0,1.0673076923076923,2.4081387362637363,0.7160027472527473,0.2668269230769231
21800484,29.0,3,36.0,0.5,0.6,1.0,2.0,10.0,0.0,1.0,2.0,0.9878161628624306,1.979796421961752,0.6590067859346083,0.33019740900678596
21800494,35.0,4,37.0,0.526,0.429,0.8,0.0,12.0,1.0,3.0,2.0,0.33808886907415664,6.291276564125427,0.0,0.0
21800500,21.0,2,36.0,0.385,0.375,1.0,0.0,7.0,1.0,0.0,2.0,0.4750372578241431,4.718517138599106,0.23751862891207154,0.0
21800516,26.0,3,41.0,0.478,0.286,0.5,1.0,9.0,1.0,1.0,3.0,2.4977599258458207,3.726865441062877,0.5750038621968175,0.5750038621968175
21800534,25.0,3,33.0,0.526,0.0,0.833,0.0,2.0,1.0,1.0,1.0,1.4142152695119878,3.9228022445162387,1.4142152695119878,1.0340078217990138
21800548,25.0,3,29.0,0.5710000000000001,0.75,0.667,0.0,2.0,0.0,0.0,1.0,0.0,2.432828108852911,0.35618325869789874,0.0
21800565,26.0,3,42.0,0.435,0.2,1.0,0.0,7.0,0.0,1.0,0.0,0.0,2.2602062438197486,0.6423223619155247,0.3090832038423506
21800583,29.0,3,38.0,0.55,0.429,0.8,0.0,5.0,0.0,2.0,2.0,1.5375605185069499,3.19787599562705,1.598937997813525,0.0
21800605,24.0,2,30.0,0.5,0.286,0.889,1.0,5.0,0.0,2.0,2.0,0.0,1.7145214521452146,0.46575907590759075,0.0
21800629,22.0,2,28.0,0.636,0.667,1.0,0.0,4.0,1.0,1.0,1.0,0.35283546325878595,3.30870607028754,0.35283546325878595,0.0
21800642,28.0,3,38.0,0.476,0.5,0.857,0.0,7.0,1.0,2.0,2.0,0.7845622119815668,2.760533245556287,0.26152073732718895,0.26152073732718895
21800655,27.0,3,29.0,0.733,0.7140000000000001,0.0,0.0,4.0,1.0,1.0,2.0,0.3139823808448159,1.1644454483849107,0.9114524508696634,0.3139823808448159
21800663,30.0,4,38.0,0.417,0.5,1.0,2.0,13.0,2.0,1.0,3.0,1.0920837665230954,6.347541957522649,0.3640279221743651,1.0920837665230954
21800676,24.0,2,35.0,0.615,0.286,0.667,0.0,7.0,2.0,2.0,4.0,0.0,4.366048862679023,0.10130581297388375,0.0
21800701,20.0,2,30.0,0.615,0.5,0.75,0.0,6.0,0.0,3.0,1.0,0.6372725454909018,0.6372725454909018,0.0,0.0
21800716,21.0,2,37.0,0.5,0.25,1.0,0.0,2.0,2.0,3.0,1.0,0.37689243027888447,1.2879681274900399,0.7537848605577689,0.37689243027888447
21800732,33.0,4,39.0,0.435,0.25,0.923,0.0,9.0,0.0,2.0,3.0,1.160443995963673,3.031449714093508,0.0,0.3161789438277834
21800745,16.0,1,30.0,0.3329999999999999,0.2,1.0,2.0,1.0,0.0,0.0,2.0,0.9261824658618643,2.2317435187017614,0.0,0.0
21800768,25.0,3,37.0,0.4579999999999999,0.125,1.0,2.0,2.0,2.0,0.0,3.0,0.6067062521830248,3.3108627314006287,0.9930143206426825,0.0
21800782,21.0,2,34.0,0.615,0.0,1.0,1.0,4.0,0.0,0.0,1.0,1.8885123082411703,1.2117374241883696,0.5822333214413129,0.0
21800810,23.0,2,28.0,0.6920000000000001,0.75,1.0,0.0,8.0,2.0,0.0,1.0,0.0,1.4690515415391856,0.0,0.640150623676159
21800822,21.0,2,34.0,0.545,0.3329999999999999,0.8,1.0,7.0,0.0,0.0,2.0,0.8319763138415989,2.458179126572909,0.8319763138415989,0.0
21800838,39.0,4,36.0,0.667,0.143,0.6,0.0,6.0,0.0,1.0,2.0,0.4618055555555556,1.5414930555555555,0.38697916666666665,0.0
21800852,28.0,3,37.0,0.579,0.1669999999999999,0.7140000000000001,0.0,2.0,0.0,0.0,1.0,0.27647714604236345,3.20661464139725,0.0,1.1059085841694538
21800862,32.0,4,33.0,0.706,0.75,0.833,2.0,2.0,0.0,3.0,4.0,0.5608512524939038,2.8388383950343608,0.0,0.26313455996453117
21800871,28.0,3,36.0,0.5,0.2,1.0,1.0,8.0,1.0,7.0,4.0,0.0,3.2104132231404963,0.6214876033057851,0.0
21800892,29.0,3,38.0,0.579,0.429,0.667,1.0,3.0,0.0,2.0,1.0,1.876543209876543,4.598765432098766,1.3611111111111112,0.6805555555555556
21800897,20.0,2,35.0,0.467,0.444,1.0,0.0,7.0,1.0,0.0,2.0,0.581039755351682,2.0749235474006116,0.581039755351682,0.3008409785932722
21800915,29.0,3,38.0,0.429,0.25,0.8,0.0,5.0,0.0,2.0,3.0,0.988859249960772,2.1799780323238664,0.2786756629530833,0.0
21800938,34.0,4,37.0,0.4579999999999999,0.286,0.7140000000000001,0.0,5.0,0.0,0.0,0.0,1.9284297052154196,4.208049886621315,0.3116496598639456,0.3116496598639456
21800964,18.0,1,31.0,0.313,0.0,0.8,0.0,2.0,1.0,0.0,2.0,0.0,2.0209205020920504,1.0742127284739045,0.716141818982603
21800984,26.0,3,35.0,0.667,1.0,1.0,0.0,4.0,0.0,2.0,3.0,0.5356063875701338,3.271687526974536,0.6659473457056538,0.0
21801000,25.0,3,30.0,0.529,0.25,0.75,0.0,2.0,2.0,0.0,2.0,0.8045928130980224,2.449500318945354,0.42015734637465446,0.6123750797363385
21801055,24.0,2,36.0,0.5,0.0,1.0,0.0,5.0,0.0,0.0,5.0,1.3120805369127515,5.99725442342892,0.6693105552165954,0.6427699816961562
21801062,17.0,1,35.0,0.5379999999999999,0.5,0.0,0.0,2.0,1.0,0.0,0.0,0.9303291786513262,3.8421220837328223,0.39629274528603387,0.0
21801079,15.0,1,27.0,0.667,0.25,1.0,0.0,3.0,1.0,3.0,1.0,1.2699360341151387,2.2624733475479744,0.6349680170575693,0.31748400852878467
21801092,25.0,3,28.0,0.36,0.0,1.0,0.0,5.0,0.0,0.0,2.0,0.27626970227670755,2.004597197898424,0.0,0.6913309982486865
21801101,14.0,0,35.0,0.833,0.5,0.75,0.0,5.0,1.0,0.0,4.0,0.38061420345489444,1.9030710172744723,0.0,0.0
21801118,28.0,3,35.0,0.923,1.0,1.0,1.0,8.0,2.0,0.0,2.0,3.0730763276048925,2.7035144759250658,1.991020281777365,0.6858646849357486
21801132,23.0,2,41.0,0.364,0.222,0.833,0.0,12.0,0.0,2.0,4.0,1.354369707621026,3.5976993129892954,0.0,0.3773765777280716
21801150,11.0,0,27.0,1.0,1.0,0.0,0.0,2.0,0.0,0.0,1.0,0.530524505588994,2.06792777300086,0.0,0.0
21801164,21.0,2,21.0,0.6920000000000001,0.4,1.0,0.0,3.0,0.0,2.0,1.0,1.9703410776075136,2.7296094908551654,0.0,0.3027681660899654
21801179,15.0,1,28.0,0.7140000000000001,0.75,1.0,0.0,6.0,0.0,0.0,3.0,1.0940375414059624,2.5949576739050424,0.41074714758925285,0.27254324622745674
21801191,15.0,1,36.0,0.5,0.3329999999999999,0.0,0.0,5.0,1.0,1.0,2.0,1.5971199476354117,4.783177875961381,1.5971199476354117,0.3177875961381116
21801205,16.0,1,28.0,0.857,0.5,0.75,0.0,4.0,1.0,1.0,1.0,0.0,4.118207816968542,0.9534795042897999,0.6356530028598666
21801225,21.0,2,18.0,0.7,0.0,1.0,0.0,0.0,1.0,0.0,1.0,0.0,3.0377768128528007,0.3942683456361268,0.0
41800141,23.0,2,32.0,0.5,0.5,1.0,0.0,4.0,1.0,3.0,2.0,0.35603180089872105,3.8866228828206015,0.9234358797096439,1.068095402696163
41800142,21.0,2,34.0,0.625,0.0,0.917,0.0,5.0,3.0,1.0,6.0,0.3442677269715043,1.032803180914513,1.9430086149768058,0.0
41800143,38.0,4,29.0,0.609,0.3,0.875,1.0,3.0,1.0,1.0,3.0,0.0,2.3880395683453237,0.2446043165467626,0.0
41800144,33.0,4,37.0,0.5710000000000001,0.5,1.0,0.0,7.0,1.0,0.0,3.0,0.6555538717987573,4.91665403849068,0.3277769358993787,0.983330807698136
41800145,45.0,4,41.0,0.5379999999999999,0.417,1.0,0.0,6.0,2.0,1.0,4.0,1.2212432697014195,2.195627345407081,0.40708108990047315,0.0
41800146,50.0,4,42.0,0.5770000000000001,0.429,0.933,0.0,6.0,1.0,1.0,4.0,1.9098761877339476,4.44126115750072,0.921249640080622,0.9886265476533257
41800221,35.0,4,43.0,0.44,0.3329999999999999,0.8,0.0,5.0,1.0,1.0,2.0,0.3275066424276325,1.8884072157740177,1.31002656971053,0.6166969654593764
41800222,29.0,3,43.0,0.409,0.5,0.8,0.0,5.0,1.0,2.0,5.0,0.3396459448332647,3.6570605187319885,0.3396459448332647,0.0
41800223,46.0,4,49.0,0.452,0.6,1.0,0.0,3.0,0.0,0.0,1.0,1.3157213157213157,2.5451955451955453,0.3515928515928516,0.8778813778813779
41800224,34.0,4,43.0,0.545,0.3329999999999999,0.8,0.0,7.0,1.0,1.0,4.0,1.9933297758804698,2.632870864461046,0.9891942369263608,0.6544823906083245
41800225,22.0,2,32.0,0.444,0.286,0.8,0.0,5.0,1.0,0.0,2.0,0.7200346170488966,3.848261935669984,1.1110630318765327,0.7200346170488966
41800405,11.0,0,11.0,0.6,1.0,1.0,0.0,2.0,0.0,1.0,2.0,3.2355300859598852,4.012607449856733,1.337535816618911,0.9489971346704871
12000014,15.0,1,23.0,0.417,0.0,0.833,0.0,3.0,0.0,2.0,3.0,0.6670566214319139,2.0011698642957416,0.0,0.0
12000041,25.0,3,27.0,0.563,0.4,0.833,0.0,6.0,1.0,3.0,2.0,0.3284017503646593,3.6090852260887685,0.6563867472390081,0.32798499687434884
22000001,22.0,2,24.0,0.4379999999999999,0.5,1.0,1.0,4.0,3.0,1.0,3.0,0.3302681992337165,0.9573435504469987,0.0,0.8089399744572159
22000001,22.0,2,24.0,0.438,0.5,1.0,1.0,4.0,3.0,1.0,3.0,0.3302681992337165,0.9573435504469987,0.0,0.8089399744572159
22000057,33.0,4,34.0,0.5,0.3329999999999999,1.0,1.0,10.0,1.0,1.0,1.0,1.9332913782252987,4.414852108244179,0.735808684707363,0.0
22000057,33.0,4,34.0,0.5,0.333,1.0,1.0,10.0,1.0,1.0,1.0,1.9332913782252987,4.414852108244179,0.735808684707363,0.0
22000086,28.0,3,37.0,0.5329999999999999,0.286,0.833,0.0,11.0,0.0,0.0,1.0,0.38215102974828374,0.5696033562166285,0.5696033562166285,0.18745232646834478
22000143,36.0,4,37.0,0.524,0.286,0.8,1.0,10.0,0.0,1.0,2.0,0.34566833823275117,2.1727477088016602,0.2633581186235518,0.6913366764655023
22000158,34.0,4,35.0,0.667,0.5710000000000001,0.857,0.0,9.0,0.0,0.0,4.0,0.29723606705935657,1.321703670140462,0.0,0.29723606705935657
22000168,26.0,3,30.0,0.556,0.6,0.75,0.0,3.0,0.0,2.0,1.0,0.35050597976080955,3.9940202391904323,0.7405703771849126,0.0
22000190,42.0,4,40.0,0.615,0.625,1.0,0.0,4.0,2.0,2.0,0.0,0.8928921088701781,1.7857842177403562,0.726453886822009,0.1664382220481692
22000209,30.0,4,35.0,0.476,0.5,0.889,0.0,9.0,0.0,2.0,5.0,1.0047732696897373,4.566825775656325,2.0095465393794747,0.0
22000216,38.0,4,50.0,0.48,0.3329999999999999,0.846,1.0,11.0,1.0,4.0,2.0,0.0,4.8990615701533535,1.2382696269169147,0.0
22000244,31.0,4,36.0,0.579,0.5710000000000001,0.833,1.0,3.0,0.0,2.0,4.0,0.31613372093023256,2.0436046511627906,0.6322674418604651,0.0
22000260,20.0,2,37.0,0.286,0.25,0.833,0.0,13.0,1.0,2.0,1.0,0.23303069606571553,1.442282749675746,0.0,0.46606139213143105
22000274,32.0,4,42.0,0.5,0.429,0.75,1.0,4.0,0.0,2.0,2.0,0.6669740482149914,3.5997892240811487,0.3563430378079304,1.0233170860229217
22000310,37.0,4,37.0,0.579,0.5,1.0,0.0,7.0,2.0,1.0,4.0,0.8911273911273911,1.2409442409442408,0.0,0.0
22000324,28.0,3,38.0,0.846,1.0,1.0,0.0,9.0,0.0,1.0,3.0,0.9976875270992918,2.6761092643445585,1.690128631305102,0.6807342101459749
22000345,8.0,0,19.0,0.375,0.3329999999999999,0.5,0.0,6.0,1.0,1.0,4.0,2.029818956336528,4.419595314164004,1.2332268370607027,0.7965921192758253
22000409,20.0,2,33.0,0.421,0.1669999999999999,0.75,0.0,5.0,0.0,2.0,0.0,0.27042872847196775,1.9023451813851227,0.7273726639794796,0.7273726639794796
22000007,29.0,3,33.0,0.563,0.75,0.889,0.0,4.0,2.0,0.0,3.0,1.411386593204775,4.485504394595305,0.5685425685425686,0.7371113734750099
22000032,29.0,3,36.0,0.6,0.7140000000000001,0.667,0.0,3.0,0.0,1.0,3.0,3.193361682022206,4.202102527758091,1.2325773682967163,0.0
22000072,28.0,3,37.0,0.476,0.286,1.0,1.0,7.0,1.0,2.0,0.0,0.8722989727240524,3.279667020899752,0.0,0.27045696068012753
22000779,17.0,1,18.0,1.0,1.0,1.0,1.0,6.0,0.0,1.0,1.0,2.2246146317592363,1.4440910203082944,0.6635674088573525,0.0
22000800,22.0,2,23.0,0.471,0.25,1.0,1.0,6.0,0.0,1.0,0.0,0.38870937084204527,2.8131533928910852,2.1839954381296334,0.0
22000817,31.0,4,27.0,0.733,0.667,0.833,0.0,4.0,0.0,0.0,1.0,0.0,1.298572465521413,1.036535204451972,0.259133801112993
22000848,25.0,3,30.0,0.667,0.6,1.0,0.0,3.0,0.0,1.0,3.0,0.3169164882226981,3.769560204249712,2.0349201120079066,0.38362707955855707
22000863,8.0,0,4.0,1.0,1.0,0.0,0.0,1.0,0.0,1.0,0.0,1.473205257836198,4.550303336703741,0.0,0.403943377148635
22000912,33.0,4,28.0,0.5710000000000001,0.667,0.875,0.0,6.0,2.0,1.0,1.0,0.7161009573542211,1.0525674499564839,0.3472584856396867,0.0
22000930,17.0,1,32.0,0.7140000000000001,0.6,1.0,0.0,10.0,2.0,2.0,1.0,1.4129086336965633,2.970829840737636,0.990276613579212,0.0
22000944,42.0,4,36.0,0.667,0.5,1.0,0.0,3.0,1.0,0.0,3.0,0.758257203092059,2.8916022487702038,0.758257203092059,1.1373858046380885
22000967,42.0,4,39.0,0.485,0.5379999999999999,0.75,2.0,8.0,1.0,0.0,3.0,0.6429850746268657,5.471194029850746,0.9664179104477613,0.9586567164179105
22000985,32.0,4,40.0,0.5,0.5,0.857,0.0,9.0,1.0,2.0,4.0,0.9757025761124122,5.19672131147541,0.9651639344262295,0.0
22000998,20.0,2,35.0,0.3329999999999999,0.0,1.0,1.0,8.0,1.0,1.0,4.0,1.3847072879330944,3.379330943847073,0.0,0.0
22001015,33.0,4,40.0,0.643,0.5,0.923,0.0,11.0,2.0,2.0,1.0,1.218911713972087,1.8530657048769013,0.9347655637447075,0.0
22001036,21.0,2,31.0,0.6920000000000001,0.5,0.667,0.0,4.0,1.0,3.0,2.0,0.56195079086116,1.4246485061511425,0.0,0.8824692442882249
22001043,14.0,0,28.0,0.4,0.0,1.0,0.0,7.0,0.0,3.0,0.0,0.2555768005098789,0.7533460803059273,0.37667304015296366,0.0
22001060,12.0,0,29.0,0.235,0.1669999999999999,0.75,1.0,8.0,0.0,0.0,1.0,3.3059755219582434,2.687365010799136,1.0343772498200143,0.0
22001067,23.0,2,28.0,0.8,0.5,1.0,0.0,8.0,0.0,0.0,2.0,1.0665499124343256,3.5253940455341506,0.6961471103327496,0.0
42000111,32.0,4,39.0,0.4,0.125,0.917,1.0,11.0,1.0,1.0,3.0,0.3223601618077835,2.6533686706653645,0.9919096108243828,0.34718928720881576
42000112,26.0,3,29.0,0.667,1.0,1.0,1.0,7.0,1.0,4.0,1.0,0.6220302375809935,0.8170626349892008,1.244060475161987,0.5447084233261339
42000113,39.0,4,40.0,0.542,0.444,0.75,0.0,9.0,4.0,1.0,1.0,0.31555179226644087,3.320632232571267,1.0016934801016089,0.34307084391758397
42000114,42.0,4,39.0,0.7,1.0,1.0,1.0,3.0,1.0,2.0,4.0,0.3736704177585941,2.2420225065515647,0.6315708339756436,0.7473408355171882
42000115,24.0,2,37.0,0.5,0.667,1.0,0.0,4.0,0.0,3.0,3.0,0.9906732730982222,4.149810550859808,0.0,0.7228213348877878
42000211,29.0,3,40.0,0.48,0.25,1.0,1.0,9.0,1.0,2.0,5.0,0.0,4.835914811229429,0.5411423039690223,0.6824782187802517
42000212,32.0,4,32.0,0.667,0.667,0.8,0.0,4.0,1.0,1.0,2.0,0.874829931972789,3.847813411078717,0.0,0.3589893100097182
42000213,30.0,4,42.0,0.393,0.375,0.833,0.0,10.0,4.0,1.0,0.0,1.0011229646266142,4.345873104997192,0.0,0.0
42000214,28.0,3,41.0,0.36,0.125,0.9,0.0,13.0,1.0,1.0,3.0,0.88345521023766,5.188299817184643,0.2664533820840951,0.35054844606946983
42000215,49.0,4,48.0,0.696,0.444,0.813,0.0,17.0,3.0,2.0,3.0,0.5419372294372294,4.614989177489177,0.881358225108225,0.6788419913419913
42000216,32.0,4,40.0,0.5,0.25,0.0,0.0,11.0,0.0,0.0,2.0,2.6658526073839965,4.852463726476081,0.2972274098549059,0.2972274098549059
42000217,48.0,4,53.0,0.472,0.364,0.909,1.0,8.0,1.0,1.0,4.0,1.7923883586661953,4.169553434664781,0.8126546482856134,0.8961941793330976
12100026,18.0,1,23.0,0.357,0.4,0.857,1.0,5.0,1.0,1.0,1.0,1.4203675344563553,3.722434915773354,0.7101837672281777,0.0
12100041,23.0,2,25.0,0.692,0.667,0.75,1.0,6.0,0.0,0.0,0.0,0.6442419995328195,1.5902826442419995,1.5902826442419995,0.0
12100056,19.0,1,32.0,0.5,0.5,0.0,0.0,7.0,0.0,0.0,1.0,0.30835073068893526,2.3478079331941544,1.5179540709812107,0.0
22100001,32.0,4,30.0,0.52,0.429,0.5,0.0,11.0,0.0,2.0,2.0,1.6793271839392296,6.045577862181227,0.6717308735756918,0.6717308735756918
22100021,29.0,3,36.0,0.45,0.167,1.0,3.0,12.0,1.0,1.0,1.0,0.0,2.925411968777103,0.2310494362532524,0.0
22100035,38.0,4,36.0,0.708,0.333,1.0,1.0,4.0,1.0,0.0,0.0,1.3523291179766288,2.635024811909717,0.6761645589883144,0.3380822794941572
22100044,25.0,3,34.0,0.529,0.5,0.667,0.0,8.0,2.0,0.0,1.0,0.623938223938224,3.976833976833977,0.2857142857142857,0.0
22100057,25.0,3,37.0,0.5,0.5,0.833,0.0,11.0,1.0,2.0,1.0,2.5998119711689123,4.396897524287057,1.3983077405202131,0.3495769351300533
22100072,22.0,2,37.0,0.7,0.333,0.875,0.0,11.0,1.0,0.0,2.0,0.6586102719033232,2.5896008904436316,1.3022738114167594,0.6436635395134361
22100092,23.0,2,27.0,0.769,1.0,0.667,0.0,1.0,0.0,1.0,3.0,0.33122319787625076,1.9979579334286297,0.6651010822952828,0.33122319787625076
22100113,32.0,4,35.0,0.65,0.333,0.667,0.0,7.0,1.0,1.0,2.0,1.3544003792068255,3.439089903618265,0.6595038710696792,1.0069521251382525
22100124,29.0,3,36.0,0.444,0.333,0.75,0.0,10.0,0.0,1.0,0.0,0.0,1.7635082223962413,1.1527016444792482,0.7376664056382146
22100139,31.0,4,36.0,0.579,0.5,1.0,1.0,6.0,0.0,0.0,2.0,0.6510564490696941,4.267896562598549,1.4474929044465468,0.0
22100148,38.0,4,35.0,0.542,0.375,1.0,1.0,10.0,0.0,0.0,1.0,0.9374894407839162,2.519513431322858,1.2304443318128062,0.0
22100159,30.0,4,29.0,0.917,1.0,0.857,0.0,5.0,0.0,0.0,1.0,2.0661470402359385,1.893406361912787,2.4116283968822416,0.0
22100179,28.0,3,37.0,0.647,1.0,0.75,0.0,7.0,0.0,0.0,0.0,0.3415900326312667,3.994067042420647,0.0,0.9897656481756156
22100196,33.0,4,34.0,0.529,0.333,0.929,0.0,8.0,1.0,0.0,1.0,0.5868148715983136,1.821387504791108,0.3137217324645458,0.0
22100210,19.0,1,32.0,0.316,0.333,0.833,1.0,4.0,0.0,0.0,1.0,0.0,2.606498194945848,0.3455675892498997,0.266546329723225
22100216,23.0,2,37.0,0.563,0.667,1.0,0.0,4.0,0.0,0.0,0.0,2.0345990323999414,1.6790793138835947,1.0049846063627035,0.0
22100253,27.0,3,39.0,0.421,0.25,1.0,0.0,6.0,0.0,3.0,3.0,0.5940562248995984,2.43566265060241,0.9802409638554217,0.6237751004016064
22100270,21.0,2,37.0,0.5,0.0,0.833,2.0,2.0,2.0,0.0,3.0,1.6029521674140508,2.0898729446935724,0.5833333333333333,0.5833333333333333
22100294,39.0,4,44.0,0.464,0.571,0.818,0.0,9.0,4.0,1.0,0.0,1.5748407643312103,1.831789229878402,2.989432541980313,0.0
22100314,27.0,3,40.0,0.391,0.0,1.0,0.0,5.0,0.0,1.0,3.0,0.1923149015932521,4.22755388940956,0.8967197750702905,0.0
22100336,30.0,4,37.0,0.5,0.0,0.923,1.0,9.0,0.0,0.0,4.0,2.0546845124282984,3.0820267686424474,0.34244741873804974,0.5665391969407266
22100343,28.0,3,38.0,0.462,0.333,1.0,0.0,10.0,0.0,2.0,5.0,0.094402837997635,2.728025226645644,0.094402837997635,0.0
22100363,24.0,2,40.0,0.455,0.25,1.0,2.0,5.0,1.0,1.0,1.0,1.2600487210718636,4.233861144945189,1.318818514007308,0.2856272838002436
22100384,31.0,4,38.0,0.545,0.25,0.857,0.0,5.0,1.0,3.0,4.0,1.2238643434971999,2.0465152457996267,0.9931549471064094,0.0
22100399,51.0,4,41.0,0.516,0.5,0.933,0.0,7.0,1.0,2.0,5.0,0.23237300985595147,1.0568612585291888,0.5284306292645944,0.0
22100413,34.0,4,48.0,0.414,0.25,1.0,1.0,12.0,0.0,1.0,1.0,2.584004884004884,3.235042735042735,0.3241758241758242,0.3241758241758242
22100429,34.0,4,39.0,0.542,0.667,1.0,1.0,10.0,0.0,1.0,1.0,0.9554690877648075,1.9619541720709037,0.6879953883844935,0.6624873901138493
22100525,33.0,4,37.0,0.542,0.375,0.667,0.0,6.0,0.0,1.0,2.0,1.3361516034985423,1.981924198250729,1.0355685131195336,0.6903790087463557
22100542,28.0,3,38.0,0.458,0.333,0.8,0.0,9.0,0.0,1.0,1.0,0.9499602859412233,2.476092136616362,0.3078633836378078,0.3210484511517077
22100554,26.0,3,31.0,0.333,0.25,0.889,0.0,3.0,3.0,3.0,1.0,1.132319041032734,1.4734900875979713,0.7911479944674966,1.2485016136468419
22100571,39.0,4,41.0,0.625,0.333,1.0,1.0,7.0,1.0,0.0,3.0,0.0,1.525050778605281,0.3149966147596479,1.5749830737982395
22100583,29.0,3,36.0,0.526,0.333,1.0,2.0,7.0,1.0,1.0,4.0,0.2855873467211658,3.636040518926604,0.6408388128665363,0.0
22100602,28.0,3,43.0,0.524,0.2,1.0,2.0,2.0,1.0,3.0,4.0,0.0,2.1912583518930955,0.3104120267260579,0.3287861915367483
22100486,28.0,3,41.0,0.474,0.286,1.0,1.0,9.0,2.0,1.0,2.0,0.3361466821885914,2.5483119906868454,1.2389406286379512,1.9112339930151339
22100625,27.0,3,30.0,0.7,0.75,0.909,0.0,2.0,2.0,0.0,2.0,1.0238980350504514,1.0238980350504514,0.5119490175252257,0.0
22100644,12.0,0,12.0,0.5,0.5,1.0,0.0,3.0,1.0,1.0,1.0,0.8362392407856986,2.508717722357096,0.0,0.4557492827190466
22100941,31.0,4,35.0,0.476,0.286,1.0,0.0,4.0,0.0,1.0,4.0,0.6899968040907638,4.520613614573346,0.9787472035794184,0.3449984020453819
22100960,37.0,4,38.0,0.571,0.444,0.9,1.0,5.0,1.0,2.0,2.0,1.0215881642512077,2.764039855072464,0.27370169082125606,0.27370169082125606
22100975,14.0,0,39.0,0.462,0.333,1.0,0.0,3.0,0.0,0.0,4.0,0.639157408743327,2.930745924109075,0.6573366036646948,0.0
22100993,25.0,3,32.0,0.588,0.5,0.667,1.0,13.0,2.0,1.0,3.0,1.249223602484472,0.624611801242236,0.0,0.624611801242236
22101012,53.0,4,42.0,0.514,0.308,0.917,1.0,5.0,2.0,0.0,3.0,0.0,1.5660093125171186,1.3296357162421253,0.0
22101030,19.0,1,30.0,0.667,0.0,0.875,0.0,5.0,1.0,0.0,2.0,0.9261544585987261,1.875597133757962,0.3320063694267516,0.30871815286624205
22101036,23.0,2,39.0,0.4,0.4,1.0,2.0,4.0,0.0,0.0,3.0,0.9450961989676208,2.2027217268887846,0.9375879868606289,0.0
22101048,38.0,4,37.0,0.733,0.667,0.933,0.0,6.0,0.0,1.0,4.0,1.8486707566462166,0.5787321063394683,1.1949556918882072,0.6162235855487389
22101075,37.0,4,38.0,0.652,0.571,1.0,0.0,9.0,1.0,0.0,1.0,0.5590217600616214,2.802811476988253,0.0,1.306951665703832
22101089,35.0,4,39.0,0.429,0.143,1.0,1.0,10.0,2.0,2.0,1.0,0.9441130298273155,1.5599686028257456,0.3166405023547881,1.5599686028257456
22101111,23.0,2,30.0,0.5,0.0,0.9,0.0,3.0,3.0,1.0,1.0,0.9280544912728821,1.5661983822903365,0.608982545764155,0.31907194550872714
22101120,27.0,3,41.0,0.375,0.273,1.0,0.0,8.0,2.0,0.0,1.0,2.0796620398310197,3.724200362100181,0.34127942063971034,0.0
22101133,41.0,4,39.0,0.609,0.667,1.0,0.0,11.0,1.0,3.0,2.0,1.178658324643726,1.4250955856795273,0.3428919012860619,0.0
22101148,26.0,3,45.0,0.476,0.5,1.0,0.0,7.0,1.0,1.0,4.0,1.3727087576374746,5.791096886819901,0.8674716322374163,0.26214722141402386
22101163,55.0,4,42.0,0.679,0.8,0.818,0.0,7.0,1.0,0.0,1.0,0.5365942690271948,3.3575469976273045,0.24530023726957473,0.0
22101180,18.0,1,36.0,0.308,0.333,0.9,0.0,9.0,0.0,2.0,2.0,1.2479743734690032,2.746184284906727,0.9977388355002826,0.0
22101191,32.0,4,42.0,0.5,0.2,0.889,2.0,8.0,1.0,2.0,5.0,1.0084312723556463,3.063617782319877,0.33188553909044455,0.9956566172713337
22101205,36.0,4,41.0,0.55,0.667,1.0,1.0,4.0,1.0,2.0,2.0,0.2506261479378861,2.0983469694439805,0.0,0.33661713140758054
22101216,20.0,2,40.0,0.294,0.0,1.0,0.0,10.0,1.0,0.0,0.0,0.9554962171784602,2.550660139445186,1.2766651832072393,0.0
52100101,25.0,3,41.0,0.563,0.5,1.0,0.0,5.0,2.0,3.0,1.0,1.1435688405797102,2.4343297101449273,1.8682065217391304,0.0
42100111,23.0,2,41.0,0.375,0.2,0.8,0.0,4.0,1.0,1.0,3.0,2.306122448979592,3.987833594976452,0.6780481423338566,0.7048665620094191
42100112,27.0,3,42.0,0.235,0.5,0.9,0.0,4.0,1.0,0.0,5.0,0.6338271249820222,3.1691356249101106,0.5588954408169136,0.6338271249820222
42100113,16.0,1,45.0,0.545,0.667,1.0,1.0,7.0,1.0,0.0,3.0,0.9891793142214728,1.6021641371557054,2.25716694772344,0.4735806632939854
42100114,39.0,4,46.0,0.419,0.273,0.909,1.0,6.0,1.0,0.0,4.0,0.475592960979342,1.9528691660290742,0.0,0.0
12200009,13.0,0,18.0,0.5,0.25,1.0,0.0,4.0,1.0,1.0,1.0,0.30371517027863776,1.2600619195046439,1.3504643962848297,0.0
12200024,22.0,2,25.0,0.667,0.25,0.714,0.0,4.0,0.0,1.0,1.0,0.26740215392697664,2.451799317047544,0.0,0.0
12200056,19.0,1,30.0,0.412,0.333,0.75,0.0,3.0,3.0,1.0,1.0,0.7195806813927368,5.496068888056908,1.374017222014227,0.0
12200066,20.0,2,31.0,0.412,0.6,0.75,0.0,2.0,1.0,2.0,2.0,0.0,4.47741935483871,0.0,0.0
22200006,32.0,4,31.0,0.524,0.333,0.889,0.0,3.0,1.0,4.0,4.0,0.970730831388041,4.279403842700665,1.6282995151732806,0.0
22200021,27.0,3,35.0,0.444,0.333,0.8,1.0,4.0,0.0,2.0,2.0,1.0039907904834995,3.02455871066769,1.0039907904834995,0.6735226400613967
22200049,37.0,4,39.0,0.7,0.333,0.889,1.0,4.0,0.0,0.0,4.0,0.6779424585876199,0.6779424585876199,0.33897122929380996,0.33897122929380996
22200060,33.0,4,38.0,0.435,0.25,0.923,0.0,6.0,0.0,2.0,3.0,0.7220721436516765,5.6751946607341495,0.36103607182583825,1.0831082154775147
22200066,37.0,4,41.0,0.571,0.4,1.0,1.0,2.0,2.0,1.0,2.0,0.3235334149993194,2.0059888389818976,0.6794610044916293,0.33973050224581464
22200083,26.0,3,38.0,0.4,0.2,1.0,1.0,4.0,3.0,4.0,0.0,2.4732517482517484,3.1923076923076925,0.0,0.0
22200098,36.0,4,39.0,0.591,0.4,1.0,0.0,9.0,1.0,1.0,2.0,0.0,2.1146187469645463,0.25303545410393397,0.6205277642868707
22200103,32.0,4,37.0,0.563,0.5,1.0,0.0,9.0,1.0,2.0,3.0,0.8927507447864946,2.4912280701754383,1.2732538894405825,0.5951671631909964
22200123,28.0,3,33.0,0.476,0.333,1.0,0.0,9.0,0.0,1.0,1.0,0.9992185973823011,1.7229927720257863,0.3330728657941004,0.0
22200133,27.0,3,37.0,0.5,0.25,1.0,0.0,8.0,0.0,3.0,2.0,0.0,1.2996583699365545,0.0,1.328127541890353
22200155,26.0,3,38.0,0.5,0.333,0.714,1.0,3.0,2.0,1.0,5.0,0.3657093124456049,0.9618798955613578,0.8266318537859008,0.0
22200164,29.0,3,34.0,0.526,0.2,0.8,1.0,11.0,1.0,2.0,1.0,0.9550425273390035,4.515188335358444,0.31470230862697446,0.0
22200184,27.0,3,34.0,0.625,0.6,1.0,0.0,6.0,2.0,2.0,4.0,0.5829318651066758,2.5739848589125947,0.0,0.7040605643496215
22200198,31.0,4,37.0,0.5,0.667,0.867,0.0,9.0,0.0,2.0,2.0,0.34454589139836617,1.3254845426878104,0.6890917827967323,0.0
22200210,27.0,3,30.0,0.533,0.0,1.0,0.0,4.0,0.0,1.0,2.0,0.3329018897230132,1.571835361118302,0.3329018897230132,0.0
22200221,35.0,4,38.0,0.591,0.25,0.8,0.0,8.0,0.0,1.0,4.0,0.2836734693877551,3.172684458398744,0.918210361067504,0.6345368916797489
22200243,26.0,3,35.0,0.563,0.0,1.0,0.0,7.0,1.0,1.0,3.0,1.4939315924972416,1.0719014343508642,1.7267377712394263,0.0
22200256,20.0,2,36.0,0.643,0.0,1.0,0.0,5.0,0.0,2.0,0.0,1.3473276529821845,2.2576297443841984,1.0336173508907824,0.0
22200266,12.0,0,32.0,0.5,0.4,0.0,0.0,7.0,0.0,3.0,2.0,1.2346814789099114,2.921714980038188,1.3167852803332756,0.0
22200276,36.0,4,38.0,0.484,0.25,0.75,2.0,7.0,0.0,2.0,4.0,0.0,2.2336274177129285,1.185951815405497,0.0
22200290,31.0,4,36.0,0.6,0.5,1.0,0.0,5.0,0.0,0.0,4.0,0.6746008279124778,2.0238024837374335,0.31771141336487285,0.0
22200302,45.0,4,38.0,0.792,0.6,1.0,1.0,6.0,2.0,2.0,4.0,0.2830505884151001,3.8560293443374603,0.6426715573895767,0.7192419379489531
22200315,39.0,4,36.0,0.65,0.667,1.0,0.0,5.0,0.0,1.0,4.0,0.3870496592015579,2.4310288867250893,0.2539759818240831,0.641025641025641
22200329,17.0,1,37.0,0.6,0.0,0.833,0.0,9.0,0.0,2.0,0.0,1.357462571384473,2.8476616761845963,1.0043216545763234,0.0
22200346,31.0,4,39.0,0.542,0.2,0.8,0.0,7.0,2.0,2.0,0.0,0.972226347839002,4.215357195900787,2.2637754344274468,0.0
22200364,29.0,3,36.0,0.632,0.4,1.0,0.0,9.0,0.0,0.0,2.0,0.0,3.918048780487805,0.3484552845528455,0.6442276422764228
22200380,34.0,4,36.0,0.56,0.286,1.0,0.0,4.0,1.0,2.0,0.0,0.5931822438658925,2.4334144970968343,0.22513579321970406,0.3680464506461884
22200403,30.0,4,33.0,0.647,0.5,1.0,0.0,9.0,1.0,1.0,1.0,0.7876850605652759,3.8499327052489907,0.0,0.39384253028263794
22200433,28.0,3,37.0,0.667,0.667,1.0,0.0,4.0,1.0,0.0,3.0,0.9696048632218845,3.419597626284556,0.3232016210739615,0.0
22200447,43.0,4,36.0,0.636,0.6,0.923,1.0,5.0,1.0,2.0,3.0,0.29991311902693313,2.1202432667245876,0.29991311902693313,0.29991311902693313
22200470,23.0,2,29.0,0.529,0.333,1.0,0.0,7.0,4.0,0.0,2.0,0.7322977607423845,2.5910833165220897,0.36614888037119225,0.0
